Page Number,Product Links
1,https://www.zillow.com/homedetails/2809-Wickham-Ave-Bronx-NY-10469/29831418_zpid/
1,https://www.zillow.com/homedetails/2555-Eastchester-Rd-1-Bronx-NY-10469/439486313_zpid/
1,https://www.zillow.com/homedetails/218-E-238th-St-Bronx-NY-10470/29789392_zpid/
1,https://www.zillow.com/homedetails/1829-Matthews-Ave-Bronx-NY-10462/29813484_zpid/
1,https://www.zillow.com/homedetails/2925-Matthews-Ave-APT-6C-Bronx-NY-10467/244462795_zpid/
1,https://www.zillow.com/homedetails/452-Revere-Ave-Bronx-NY-10465/29848555_zpid/
1,https://www.zillow.com/homedetails/601-Pelham-Pkwy-N-APT-305-Bronx-NY-10467/244461061_zpid/
1,https://www.zillow.com/homedetails/525-W-236th-St-APT-3C-Bronx-NY-10463/215955921_zpid/
1,https://www.zillow.com/homedetails/4351-Bruner-Ave-Bronx-NY-10466/29838490_zpid/
2,https://www.zillow.com/homedetails/2809-Wickham-Ave-Bronx-NY-10469/29831418_zpid/
2,https://www.zillow.com/homedetails/2555-Eastchester-Rd-1-Bronx-NY-10469/439486313_zpid/
2,https://www.zillow.com/homedetails/218-E-238th-St-Bronx-NY-10470/29789392_zpid/
2,https://www.zillow.com/homedetails/1829-Matthews-Ave-Bronx-NY-10462/29813484_zpid/
2,https://www.zillow.com/homedetails/2925-Matthews-Ave-APT-6C-Bronx-NY-10467/244462795_zpid/
2,https://www.zillow.com/homedetails/452-Revere-Ave-Bronx-NY-10465/29848555_zpid/
2,https://www.zillow.com/homedetails/601-Pelham-Pkwy-N-APT-305-Bronx-NY-10467/244461061_zpid/
2,https://www.zillow.com/homedetails/525-W-236th-St-APT-3C-Bronx-NY-10463/215955921_zpid/
2,https://www.zillow.com/homedetails/4351-Bruner-Ave-Bronx-NY-10466/29838490_zpid/
3,https://www.zillow.com/homedetails/2809-Wickham-Ave-Bronx-NY-10469/29831418_zpid/
3,https://www.zillow.com/homedetails/2555-Eastchester-Rd-1-Bronx-NY-10469/439486313_zpid/
3,https://www.zillow.com/homedetails/218-E-238th-St-Bronx-NY-10470/29789392_zpid/
3,https://www.zillow.com/homedetails/1829-Matthews-Ave-Bronx-NY-10462/29813484_zpid/
3,https://www.zillow.com/homedetails/2925-Matthews-Ave-APT-6C-Bronx-NY-10467/244462795_zpid/
3,https://www.zillow.com/homedetails/452-Revere-Ave-Bronx-NY-10465/29848555_zpid/
3,https://www.zillow.com/homedetails/601-Pelham-Pkwy-N-APT-305-Bronx-NY-10467/244461061_zpid/
3,https://www.zillow.com/homedetails/525-W-236th-St-APT-3C-Bronx-NY-10463/215955921_zpid/
3,https://www.zillow.com/homedetails/4351-Bruner-Ave-Bronx-NY-10466/29838490_zpid/
4,https://www.zillow.com/homedetails/2809-Wickham-Ave-Bronx-NY-10469/29831418_zpid/
4,https://www.zillow.com/homedetails/2555-Eastchester-Rd-1-Bronx-NY-10469/439486313_zpid/
4,https://www.zillow.com/homedetails/218-E-238th-St-Bronx-NY-10470/29789392_zpid/
4,https://www.zillow.com/homedetails/1829-Matthews-Ave-Bronx-NY-10462/29813484_zpid/
4,https://www.zillow.com/homedetails/2925-Matthews-Ave-APT-6C-Bronx-NY-10467/244462795_zpid/
4,https://www.zillow.com/homedetails/452-Revere-Ave-Bronx-NY-10465/29848555_zpid/
4,https://www.zillow.com/homedetails/601-Pelham-Pkwy-N-APT-305-Bronx-NY-10467/244461061_zpid/
4,https://www.zillow.com/homedetails/525-W-236th-St-APT-3C-Bronx-NY-10463/215955921_zpid/
4,https://www.zillow.com/homedetails/4351-Bruner-Ave-Bronx-NY-10466/29838490_zpid/
5,https://www.zillow.com/homedetails/2809-Wickham-Ave-Bronx-NY-10469/29831418_zpid/
5,https://www.zillow.com/homedetails/2555-Eastchester-Rd-1-Bronx-NY-10469/439486313_zpid/
5,https://www.zillow.com/homedetails/218-E-238th-St-Bronx-NY-10470/29789392_zpid/
5,https://www.zillow.com/homedetails/1829-Matthews-Ave-Bronx-NY-10462/29813484_zpid/
5,https://www.zillow.com/homedetails/2925-Matthews-Ave-APT-6C-Bronx-NY-10467/244462795_zpid/
5,https://www.zillow.com/homedetails/452-Revere-Ave-Bronx-NY-10465/29848555_zpid/
5,https://www.zillow.com/homedetails/601-Pelham-Pkwy-N-APT-305-Bronx-NY-10467/244461061_zpid/
5,https://www.zillow.com/homedetails/525-W-236th-St-APT-3C-Bronx-NY-10463/215955921_zpid/
5,https://www.zillow.com/homedetails/4351-Bruner-Ave-Bronx-NY-10466/29838490_zpid/
6,https://www.zillow.com/homedetails/2809-Wickham-Ave-Bronx-NY-10469/29831418_zpid/
6,https://www.zillow.com/homedetails/2555-Eastchester-Rd-1-Bronx-NY-10469/439486313_zpid/
6,https://www.zillow.com/homedetails/218-E-238th-St-Bronx-NY-10470/29789392_zpid/
6,https://www.zillow.com/homedetails/1829-Matthews-Ave-Bronx-NY-10462/29813484_zpid/
6,https://www.zillow.com/homedetails/2925-Matthews-Ave-APT-6C-Bronx-NY-10467/244462795_zpid/
6,https://www.zillow.com/homedetails/452-Revere-Ave-Bronx-NY-10465/29848555_zpid/
6,https://www.zillow.com/homedetails/601-Pelham-Pkwy-N-APT-305-Bronx-NY-10467/244461061_zpid/
6,https://www.zillow.com/homedetails/525-W-236th-St-APT-3C-Bronx-NY-10463/215955921_zpid/
6,https://www.zillow.com/homedetails/4351-Bruner-Ave-Bronx-NY-10466/29838490_zpid/
7,https://www.zillow.com/homedetails/2809-Wickham-Ave-Bronx-NY-10469/29831418_zpid/
7,https://www.zillow.com/homedetails/2555-Eastchester-Rd-1-Bronx-NY-10469/439486313_zpid/
7,https://www.zillow.com/homedetails/218-E-238th-St-Bronx-NY-10470/29789392_zpid/
7,https://www.zillow.com/homedetails/1829-Matthews-Ave-Bronx-NY-10462/29813484_zpid/
7,https://www.zillow.com/homedetails/2925-Matthews-Ave-APT-6C-Bronx-NY-10467/244462795_zpid/
7,https://www.zillow.com/homedetails/452-Revere-Ave-Bronx-NY-10465/29848555_zpid/
7,https://www.zillow.com/homedetails/601-Pelham-Pkwy-N-APT-305-Bronx-NY-10467/244461061_zpid/
7,https://www.zillow.com/homedetails/525-W-236th-St-APT-3C-Bronx-NY-10463/215955921_zpid/
7,https://www.zillow.com/homedetails/4351-Bruner-Ave-Bronx-NY-10466/29838490_zpid/
8,https://www.zillow.com/homedetails/2809-Wickham-Ave-Bronx-NY-10469/29831418_zpid/
8,https://www.zillow.com/homedetails/2555-Eastchester-Rd-1-Bronx-NY-10469/439486313_zpid/
8,https://www.zillow.com/homedetails/218-E-238th-St-Bronx-NY-10470/29789392_zpid/
8,https://www.zillow.com/homedetails/1829-Matthews-Ave-Bronx-NY-10462/29813484_zpid/
8,https://www.zillow.com/homedetails/2925-Matthews-Ave-APT-6C-Bronx-NY-10467/244462795_zpid/
8,https://www.zillow.com/homedetails/452-Revere-Ave-Bronx-NY-10465/29848555_zpid/
8,https://www.zillow.com/homedetails/601-Pelham-Pkwy-N-APT-305-Bronx-NY-10467/244461061_zpid/
8,https://www.zillow.com/homedetails/525-W-236th-St-APT-3C-Bronx-NY-10463/215955921_zpid/
8,https://www.zillow.com/homedetails/4351-Bruner-Ave-Bronx-NY-10466/29838490_zpid/
9,https://www.zillow.com/homedetails/2809-Wickham-Ave-Bronx-NY-10469/29831418_zpid/
9,https://www.zillow.com/homedetails/2555-Eastchester-Rd-1-Bronx-NY-10469/439486313_zpid/
9,https://www.zillow.com/homedetails/218-E-238th-St-Bronx-NY-10470/29789392_zpid/
9,https://www.zillow.com/homedetails/1829-Matthews-Ave-Bronx-NY-10462/29813484_zpid/
9,https://www.zillow.com/homedetails/2925-Matthews-Ave-APT-6C-Bronx-NY-10467/244462795_zpid/
9,https://www.zillow.com/homedetails/452-Revere-Ave-Bronx-NY-10465/29848555_zpid/
9,https://www.zillow.com/homedetails/601-Pelham-Pkwy-N-APT-305-Bronx-NY-10467/244461061_zpid/
9,https://www.zillow.com/homedetails/525-W-236th-St-APT-3C-Bronx-NY-10463/215955921_zpid/
9,https://www.zillow.com/homedetails/4351-Bruner-Ave-Bronx-NY-10466/29838490_zpid/
10,https://www.zillow.com/homedetails/2809-Wickham-Ave-Bronx-NY-10469/29831418_zpid/
10,https://www.zillow.com/homedetails/2555-Eastchester-Rd-1-Bronx-NY-10469/439486313_zpid/
10,https://www.zillow.com/homedetails/218-E-238th-St-Bronx-NY-10470/29789392_zpid/
10,https://www.zillow.com/homedetails/1829-Matthews-Ave-Bronx-NY-10462/29813484_zpid/
10,https://www.zillow.com/homedetails/2925-Matthews-Ave-APT-6C-Bronx-NY-10467/244462795_zpid/
10,https://www.zillow.com/homedetails/452-Revere-Ave-Bronx-NY-10465/29848555_zpid/
10,https://www.zillow.com/homedetails/601-Pelham-Pkwy-N-APT-305-Bronx-NY-10467/244461061_zpid/
10,https://www.zillow.com/homedetails/525-W-236th-St-APT-3C-Bronx-NY-10463/215955921_zpid/
10,https://www.zillow.com/homedetails/4351-Bruner-Ave-Bronx-NY-10466/29838490_zpid/
11,https://www.zillow.com/homedetails/2809-Wickham-Ave-Bronx-NY-10469/29831418_zpid/
11,https://www.zillow.com/homedetails/2555-Eastchester-Rd-1-Bronx-NY-10469/439486313_zpid/
11,https://www.zillow.com/homedetails/218-E-238th-St-Bronx-NY-10470/29789392_zpid/
11,https://www.zillow.com/homedetails/1829-Matthews-Ave-Bronx-NY-10462/29813484_zpid/
11,https://www.zillow.com/homedetails/2925-Matthews-Ave-APT-6C-Bronx-NY-10467/244462795_zpid/
11,https://www.zillow.com/homedetails/452-Revere-Ave-Bronx-NY-10465/29848555_zpid/
11,https://www.zillow.com/homedetails/601-Pelham-Pkwy-N-APT-305-Bronx-NY-10467/244461061_zpid/
11,https://www.zillow.com/homedetails/525-W-236th-St-APT-3C-Bronx-NY-10463/215955921_zpid/
11,https://www.zillow.com/homedetails/4351-Bruner-Ave-Bronx-NY-10466/29838490_zpid/
12,https://www.zillow.com/homedetails/2809-Wickham-Ave-Bronx-NY-10469/29831418_zpid/
12,https://www.zillow.com/homedetails/2555-Eastchester-Rd-1-Bronx-NY-10469/439486313_zpid/
12,https://www.zillow.com/homedetails/218-E-238th-St-Bronx-NY-10470/29789392_zpid/
12,https://www.zillow.com/homedetails/1829-Matthews-Ave-Bronx-NY-10462/29813484_zpid/
12,https://www.zillow.com/homedetails/2925-Matthews-Ave-APT-6C-Bronx-NY-10467/244462795_zpid/
12,https://www.zillow.com/homedetails/452-Revere-Ave-Bronx-NY-10465/29848555_zpid/
12,https://www.zillow.com/homedetails/601-Pelham-Pkwy-N-APT-305-Bronx-NY-10467/244461061_zpid/
12,https://www.zillow.com/homedetails/525-W-236th-St-APT-3C-Bronx-NY-10463/215955921_zpid/
12,https://www.zillow.com/homedetails/4351-Bruner-Ave-Bronx-NY-10466/29838490_zpid/
13,https://www.zillow.com/homedetails/2809-Wickham-Ave-Bronx-NY-10469/29831418_zpid/
13,https://www.zillow.com/homedetails/2555-Eastchester-Rd-1-Bronx-NY-10469/439486313_zpid/
13,https://www.zillow.com/homedetails/218-E-238th-St-Bronx-NY-10470/29789392_zpid/
13,https://www.zillow.com/homedetails/1829-Matthews-Ave-Bronx-NY-10462/29813484_zpid/
13,https://www.zillow.com/homedetails/2925-Matthews-Ave-APT-6C-Bronx-NY-10467/244462795_zpid/
13,https://www.zillow.com/homedetails/452-Revere-Ave-Bronx-NY-10465/29848555_zpid/
13,https://www.zillow.com/homedetails/601-Pelham-Pkwy-N-APT-305-Bronx-NY-10467/244461061_zpid/
13,https://www.zillow.com/homedetails/525-W-236th-St-APT-3C-Bronx-NY-10463/215955921_zpid/
13,https://www.zillow.com/homedetails/4351-Bruner-Ave-Bronx-NY-10466/29838490_zpid/
13,https://www.zillow.com/homedetails/61B-Edgewater-Park-Park-UNIT-1-Bronx-NY-10465/440114786_zpid/
13,https://www.zillow.com/homedetails/132-W-169th-St-APT-5A-Bronx-NY-10452/439536847_zpid/
13,https://www.zillow.com/homedetails/944-E-178th-St-B-Bronx-NY-10460/215949238_zpid/
13,https://www.zillow.com/homedetails/1737-Hering-Ave-Bronx-NY-10461/29814862_zpid/
13,https://www.zillow.com/homedetails/5715-Mosholu-Ave-APT-7B-Bronx-NY-10471/119912716_zpid/
13,https://www.zillow.com/homedetails/943-Teller-Ave-APT-3A-Bronx-NY-10451/2059546266_zpid/
13,https://www.zillow.com/homedetails/1806-Undercliff-Ave-Bronx-NY-10453/29782438_zpid/
13,https://www.zillow.com/homedetails/3266-Lucerne-St-Bronx-NY-10465/142694073_zpid/
13,https://www.zillow.com/homedetails/3157-Baisley-Ave-Bronx-NY-10465/29841495_zpid/
13,https://www.zillow.com/homedetails/2860-Bailey-Ave-Bronx-NY-10463/440015330_zpid/
13,https://www.zillow.com/homedetails/1814-Haight-Ave-Bronx-NY-10461/29815279_zpid/
13,https://www.zillow.com/homedetails/73-Caroll-St-Bronx-NY-10464/29850489_zpid/
13,https://www.zillow.com/homedetails/1425-Thieriot-Ave-APT-6C-Bronx-NY-10460/244424989_zpid/
13,https://www.zillow.com/homedetails/836-Tilden-St-APT-6D-Bronx-NY-10467/2062597541_zpid/
13,https://www.zillow.com/homedetails/6601-Broadway-APT-2E-Bronx-NY-10471/215956579_zpid/
13,https://www.zillow.com/homedetails/147-Edgewater-Park-D-Bronx-NY-10465/2070299744_zpid/
13,https://www.zillow.com/homedetails/4124-Digney-Ave-Bronx-NY-10466/29836824_zpid/
13,https://www.zillow.com/homedetails/190-E-Mosholu-Pkwy-S-APT-4A-Bronx-NY-10458/215951115_zpid/
13,https://www.zillow.com/homedetails/6141-Delafield-Ave-Bronx-NY-10471/29853986_zpid/
13,https://www.zillow.com/homedetails/5237-Netherland-Ave-Bronx-NY-10471/29854552_zpid/
13,https://www.zillow.com/homedetails/60-Knolls-Cres-APT-2C-Bronx-NY-10463/124438021_zpid/
13,https://www.zillow.com/homedetails/2218-Seymour-Ave-Bronx-NY-10469/29819817_zpid/
13,https://www.zillow.com/homedetails/3190-Ampere-Ave-Bronx-NY-10465/29843933_zpid/
13,https://www.zillow.com/homedetails/1010-Sherman-Ave-APT-3H-Bronx-NY-10456/244435301_zpid/
13,https://www.zillow.com/homedetails/3061-Scenic-Pl-Bronx-NY-10463/29851879_zpid/
13,https://www.zillow.com/homedetails/1523-Bayview-Ave-Bronx-NY-10465/215958819_zpid/
13,https://www.zillow.com/homedetails/2871-Wellman-Ave-Bronx-NY-10461/29842569_zpid/
13,https://www.zillow.com/homedetails/4662-Grosvenor-Ave-Bronx-NY-10471/29852764_zpid/
13,https://www.zillow.com/homedetails/1609-Colden-Ave-Bronx-NY-10462/29814252_zpid/
13,https://www.zillow.com/homedetails/2833-Ely-Ave-2-Bronx-NY-10469/112502955_zpid/
13,https://www.zillow.com/homedetails/350-W-246th-St-Bronx-NY-10471/29852626_zpid/
13,https://www.zillow.com/homedetails/625-Clarence-Ave-Bronx-NY-10465/29846444_zpid/
14,https://www.zillow.com/homedetails/2809-Wickham-Ave-Bronx-NY-10469/29831418_zpid/
14,https://www.zillow.com/homedetails/2555-Eastchester-Rd-1-Bronx-NY-10469/439486313_zpid/
14,https://www.zillow.com/homedetails/218-E-238th-St-Bronx-NY-10470/29789392_zpid/
14,https://www.zillow.com/homedetails/1829-Matthews-Ave-Bronx-NY-10462/29813484_zpid/
14,https://www.zillow.com/homedetails/2925-Matthews-Ave-APT-6C-Bronx-NY-10467/244462795_zpid/
14,https://www.zillow.com/homedetails/452-Revere-Ave-Bronx-NY-10465/29848555_zpid/
14,https://www.zillow.com/homedetails/601-Pelham-Pkwy-N-APT-305-Bronx-NY-10467/244461061_zpid/
14,https://www.zillow.com/homedetails/525-W-236th-St-APT-3C-Bronx-NY-10463/215955921_zpid/
14,https://www.zillow.com/homedetails/4351-Bruner-Ave-Bronx-NY-10466/29838490_zpid/
14,https://www.zillow.com/homedetails/61B-Edgewater-Park-Park-UNIT-1-Bronx-NY-10465/440114786_zpid/
14,https://www.zillow.com/homedetails/132-W-169th-St-APT-5A-Bronx-NY-10452/439536847_zpid/
14,https://www.zillow.com/homedetails/944-E-178th-St-B-Bronx-NY-10460/215949238_zpid/
14,https://www.zillow.com/homedetails/1737-Hering-Ave-Bronx-NY-10461/29814862_zpid/
14,https://www.zillow.com/homedetails/5715-Mosholu-Ave-APT-7B-Bronx-NY-10471/119912716_zpid/
14,https://www.zillow.com/homedetails/943-Teller-Ave-APT-3A-Bronx-NY-10451/2059546266_zpid/
14,https://www.zillow.com/homedetails/1806-Undercliff-Ave-Bronx-NY-10453/29782438_zpid/
14,https://www.zillow.com/homedetails/3266-Lucerne-St-Bronx-NY-10465/142694073_zpid/
14,https://www.zillow.com/homedetails/3157-Baisley-Ave-Bronx-NY-10465/29841495_zpid/
14,https://www.zillow.com/homedetails/2860-Bailey-Ave-Bronx-NY-10463/440015330_zpid/
14,https://www.zillow.com/homedetails/1814-Haight-Ave-Bronx-NY-10461/29815279_zpid/
14,https://www.zillow.com/homedetails/73-Caroll-St-Bronx-NY-10464/29850489_zpid/
14,https://www.zillow.com/homedetails/1425-Thieriot-Ave-APT-6C-Bronx-NY-10460/244424989_zpid/
14,https://www.zillow.com/homedetails/836-Tilden-St-APT-6D-Bronx-NY-10467/2062597541_zpid/
14,https://www.zillow.com/homedetails/6601-Broadway-APT-2E-Bronx-NY-10471/215956579_zpid/
14,https://www.zillow.com/homedetails/147-Edgewater-Park-D-Bronx-NY-10465/2070299744_zpid/
14,https://www.zillow.com/homedetails/4124-Digney-Ave-Bronx-NY-10466/29836824_zpid/
14,https://www.zillow.com/homedetails/190-E-Mosholu-Pkwy-S-APT-4A-Bronx-NY-10458/215951115_zpid/
14,https://www.zillow.com/homedetails/6141-Delafield-Ave-Bronx-NY-10471/29853986_zpid/
14,https://www.zillow.com/homedetails/5237-Netherland-Ave-Bronx-NY-10471/29854552_zpid/
14,https://www.zillow.com/homedetails/60-Knolls-Cres-APT-2C-Bronx-NY-10463/124438021_zpid/
14,https://www.zillow.com/homedetails/2218-Seymour-Ave-Bronx-NY-10469/29819817_zpid/
14,https://www.zillow.com/homedetails/3190-Ampere-Ave-Bronx-NY-10465/29843933_zpid/
14,https://www.zillow.com/homedetails/1010-Sherman-Ave-APT-3H-Bronx-NY-10456/244435301_zpid/
14,https://www.zillow.com/homedetails/3061-Scenic-Pl-Bronx-NY-10463/29851879_zpid/
14,https://www.zillow.com/homedetails/1523-Bayview-Ave-Bronx-NY-10465/215958819_zpid/
14,https://www.zillow.com/homedetails/2871-Wellman-Ave-Bronx-NY-10461/29842569_zpid/
14,https://www.zillow.com/homedetails/4662-Grosvenor-Ave-Bronx-NY-10471/29852764_zpid/
14,https://www.zillow.com/homedetails/1609-Colden-Ave-Bronx-NY-10462/29814252_zpid/
14,https://www.zillow.com/homedetails/2833-Ely-Ave-2-Bronx-NY-10469/112502955_zpid/
14,https://www.zillow.com/homedetails/350-W-246th-St-Bronx-NY-10471/29852626_zpid/
14,https://www.zillow.com/homedetails/625-Clarence-Ave-Bronx-NY-10465/29846444_zpid/
15,https://www.zillow.com/homedetails/2809-Wickham-Ave-Bronx-NY-10469/29831418_zpid/
15,https://www.zillow.com/homedetails/2555-Eastchester-Rd-1-Bronx-NY-10469/439486313_zpid/
15,https://www.zillow.com/homedetails/218-E-238th-St-Bronx-NY-10470/29789392_zpid/
15,https://www.zillow.com/homedetails/1829-Matthews-Ave-Bronx-NY-10462/29813484_zpid/
15,https://www.zillow.com/homedetails/2925-Matthews-Ave-APT-6C-Bronx-NY-10467/244462795_zpid/
15,https://www.zillow.com/homedetails/452-Revere-Ave-Bronx-NY-10465/29848555_zpid/
15,https://www.zillow.com/homedetails/601-Pelham-Pkwy-N-APT-305-Bronx-NY-10467/244461061_zpid/
15,https://www.zillow.com/homedetails/525-W-236th-St-APT-3C-Bronx-NY-10463/215955921_zpid/
15,https://www.zillow.com/homedetails/4351-Bruner-Ave-Bronx-NY-10466/29838490_zpid/
15,https://www.zillow.com/homedetails/61B-Edgewater-Park-Park-UNIT-1-Bronx-NY-10465/440114786_zpid/
15,https://www.zillow.com/homedetails/132-W-169th-St-APT-5A-Bronx-NY-10452/439536847_zpid/
15,https://www.zillow.com/homedetails/944-E-178th-St-B-Bronx-NY-10460/215949238_zpid/
15,https://www.zillow.com/homedetails/1737-Hering-Ave-Bronx-NY-10461/29814862_zpid/
15,https://www.zillow.com/homedetails/5715-Mosholu-Ave-APT-7B-Bronx-NY-10471/119912716_zpid/
15,https://www.zillow.com/homedetails/943-Teller-Ave-APT-3A-Bronx-NY-10451/2059546266_zpid/
15,https://www.zillow.com/homedetails/1806-Undercliff-Ave-Bronx-NY-10453/29782438_zpid/
15,https://www.zillow.com/homedetails/3266-Lucerne-St-Bronx-NY-10465/142694073_zpid/
15,https://www.zillow.com/homedetails/3157-Baisley-Ave-Bronx-NY-10465/29841495_zpid/
15,https://www.zillow.com/homedetails/2860-Bailey-Ave-Bronx-NY-10463/440015330_zpid/
15,https://www.zillow.com/homedetails/1814-Haight-Ave-Bronx-NY-10461/29815279_zpid/
15,https://www.zillow.com/homedetails/73-Caroll-St-Bronx-NY-10464/29850489_zpid/
15,https://www.zillow.com/homedetails/1425-Thieriot-Ave-APT-6C-Bronx-NY-10460/244424989_zpid/
15,https://www.zillow.com/homedetails/836-Tilden-St-APT-6D-Bronx-NY-10467/2062597541_zpid/
15,https://www.zillow.com/homedetails/6601-Broadway-APT-2E-Bronx-NY-10471/215956579_zpid/
15,https://www.zillow.com/homedetails/147-Edgewater-Park-D-Bronx-NY-10465/2070299744_zpid/
15,https://www.zillow.com/homedetails/4124-Digney-Ave-Bronx-NY-10466/29836824_zpid/
15,https://www.zillow.com/homedetails/190-E-Mosholu-Pkwy-S-APT-4A-Bronx-NY-10458/215951115_zpid/
15,https://www.zillow.com/homedetails/6141-Delafield-Ave-Bronx-NY-10471/29853986_zpid/
15,https://www.zillow.com/homedetails/5237-Netherland-Ave-Bronx-NY-10471/29854552_zpid/
15,https://www.zillow.com/homedetails/60-Knolls-Cres-APT-2C-Bronx-NY-10463/124438021_zpid/
15,https://www.zillow.com/homedetails/2218-Seymour-Ave-Bronx-NY-10469/29819817_zpid/
15,https://www.zillow.com/homedetails/3190-Ampere-Ave-Bronx-NY-10465/29843933_zpid/
15,https://www.zillow.com/homedetails/1010-Sherman-Ave-APT-3H-Bronx-NY-10456/244435301_zpid/
15,https://www.zillow.com/homedetails/3061-Scenic-Pl-Bronx-NY-10463/29851879_zpid/
15,https://www.zillow.com/homedetails/1523-Bayview-Ave-Bronx-NY-10465/215958819_zpid/
15,https://www.zillow.com/homedetails/2871-Wellman-Ave-Bronx-NY-10461/29842569_zpid/
15,https://www.zillow.com/homedetails/4662-Grosvenor-Ave-Bronx-NY-10471/29852764_zpid/
15,https://www.zillow.com/homedetails/1609-Colden-Ave-Bronx-NY-10462/29814252_zpid/
15,https://www.zillow.com/homedetails/2833-Ely-Ave-2-Bronx-NY-10469/112502955_zpid/
15,https://www.zillow.com/homedetails/350-W-246th-St-Bronx-NY-10471/29852626_zpid/
15,https://www.zillow.com/homedetails/625-Clarence-Ave-Bronx-NY-10465/29846444_zpid/
16,https://www.zillow.com/homedetails/2809-Wickham-Ave-Bronx-NY-10469/29831418_zpid/
16,https://www.zillow.com/homedetails/2555-Eastchester-Rd-1-Bronx-NY-10469/439486313_zpid/
16,https://www.zillow.com/homedetails/218-E-238th-St-Bronx-NY-10470/29789392_zpid/
16,https://www.zillow.com/homedetails/1829-Matthews-Ave-Bronx-NY-10462/29813484_zpid/
16,https://www.zillow.com/homedetails/2925-Matthews-Ave-APT-6C-Bronx-NY-10467/244462795_zpid/
16,https://www.zillow.com/homedetails/452-Revere-Ave-Bronx-NY-10465/29848555_zpid/
16,https://www.zillow.com/homedetails/601-Pelham-Pkwy-N-APT-305-Bronx-NY-10467/244461061_zpid/
16,https://www.zillow.com/homedetails/525-W-236th-St-APT-3C-Bronx-NY-10463/215955921_zpid/
16,https://www.zillow.com/homedetails/4351-Bruner-Ave-Bronx-NY-10466/29838490_zpid/
16,https://www.zillow.com/homedetails/61B-Edgewater-Park-Park-UNIT-1-Bronx-NY-10465/440114786_zpid/
16,https://www.zillow.com/homedetails/132-W-169th-St-APT-5A-Bronx-NY-10452/439536847_zpid/
16,https://www.zillow.com/homedetails/944-E-178th-St-B-Bronx-NY-10460/215949238_zpid/
16,https://www.zillow.com/homedetails/1737-Hering-Ave-Bronx-NY-10461/29814862_zpid/
16,https://www.zillow.com/homedetails/5715-Mosholu-Ave-APT-7B-Bronx-NY-10471/119912716_zpid/
16,https://www.zillow.com/homedetails/943-Teller-Ave-APT-3A-Bronx-NY-10451/2059546266_zpid/
16,https://www.zillow.com/homedetails/1806-Undercliff-Ave-Bronx-NY-10453/29782438_zpid/
16,https://www.zillow.com/homedetails/3266-Lucerne-St-Bronx-NY-10465/142694073_zpid/
16,https://www.zillow.com/homedetails/3157-Baisley-Ave-Bronx-NY-10465/29841495_zpid/
16,https://www.zillow.com/homedetails/2860-Bailey-Ave-Bronx-NY-10463/440015330_zpid/
16,https://www.zillow.com/homedetails/1814-Haight-Ave-Bronx-NY-10461/29815279_zpid/
16,https://www.zillow.com/homedetails/73-Caroll-St-Bronx-NY-10464/29850489_zpid/
16,https://www.zillow.com/homedetails/1425-Thieriot-Ave-APT-6C-Bronx-NY-10460/244424989_zpid/
16,https://www.zillow.com/homedetails/836-Tilden-St-APT-6D-Bronx-NY-10467/2062597541_zpid/
16,https://www.zillow.com/homedetails/6601-Broadway-APT-2E-Bronx-NY-10471/215956579_zpid/
16,https://www.zillow.com/homedetails/147-Edgewater-Park-D-Bronx-NY-10465/2070299744_zpid/
16,https://www.zillow.com/homedetails/4124-Digney-Ave-Bronx-NY-10466/29836824_zpid/
16,https://www.zillow.com/homedetails/190-E-Mosholu-Pkwy-S-APT-4A-Bronx-NY-10458/215951115_zpid/
16,https://www.zillow.com/homedetails/6141-Delafield-Ave-Bronx-NY-10471/29853986_zpid/
16,https://www.zillow.com/homedetails/5237-Netherland-Ave-Bronx-NY-10471/29854552_zpid/
16,https://www.zillow.com/homedetails/60-Knolls-Cres-APT-2C-Bronx-NY-10463/124438021_zpid/
16,https://www.zillow.com/homedetails/2218-Seymour-Ave-Bronx-NY-10469/29819817_zpid/
16,https://www.zillow.com/homedetails/3190-Ampere-Ave-Bronx-NY-10465/29843933_zpid/
16,https://www.zillow.com/homedetails/1010-Sherman-Ave-APT-3H-Bronx-NY-10456/244435301_zpid/
16,https://www.zillow.com/homedetails/3061-Scenic-Pl-Bronx-NY-10463/29851879_zpid/
16,https://www.zillow.com/homedetails/1523-Bayview-Ave-Bronx-NY-10465/215958819_zpid/
16,https://www.zillow.com/homedetails/2871-Wellman-Ave-Bronx-NY-10461/29842569_zpid/
16,https://www.zillow.com/homedetails/4662-Grosvenor-Ave-Bronx-NY-10471/29852764_zpid/
16,https://www.zillow.com/homedetails/1609-Colden-Ave-Bronx-NY-10462/29814252_zpid/
16,https://www.zillow.com/homedetails/2833-Ely-Ave-2-Bronx-NY-10469/112502955_zpid/
16,https://www.zillow.com/homedetails/350-W-246th-St-Bronx-NY-10471/29852626_zpid/
16,https://www.zillow.com/homedetails/625-Clarence-Ave-Bronx-NY-10465/29846444_zpid/
17,https://www.zillow.com/homedetails/2809-Wickham-Ave-Bronx-NY-10469/29831418_zpid/
17,https://www.zillow.com/homedetails/2555-Eastchester-Rd-1-Bronx-NY-10469/439486313_zpid/
17,https://www.zillow.com/homedetails/218-E-238th-St-Bronx-NY-10470/29789392_zpid/
17,https://www.zillow.com/homedetails/1829-Matthews-Ave-Bronx-NY-10462/29813484_zpid/
17,https://www.zillow.com/homedetails/2925-Matthews-Ave-APT-6C-Bronx-NY-10467/244462795_zpid/
17,https://www.zillow.com/homedetails/452-Revere-Ave-Bronx-NY-10465/29848555_zpid/
17,https://www.zillow.com/homedetails/601-Pelham-Pkwy-N-APT-305-Bronx-NY-10467/244461061_zpid/
17,https://www.zillow.com/homedetails/525-W-236th-St-APT-3C-Bronx-NY-10463/215955921_zpid/
17,https://www.zillow.com/homedetails/4351-Bruner-Ave-Bronx-NY-10466/29838490_zpid/
17,https://www.zillow.com/homedetails/61B-Edgewater-Park-Park-UNIT-1-Bronx-NY-10465/440114786_zpid/
17,https://www.zillow.com/homedetails/132-W-169th-St-APT-5A-Bronx-NY-10452/439536847_zpid/
17,https://www.zillow.com/homedetails/944-E-178th-St-B-Bronx-NY-10460/215949238_zpid/
17,https://www.zillow.com/homedetails/1737-Hering-Ave-Bronx-NY-10461/29814862_zpid/
17,https://www.zillow.com/homedetails/5715-Mosholu-Ave-APT-7B-Bronx-NY-10471/119912716_zpid/
17,https://www.zillow.com/homedetails/943-Teller-Ave-APT-3A-Bronx-NY-10451/2059546266_zpid/
17,https://www.zillow.com/homedetails/1806-Undercliff-Ave-Bronx-NY-10453/29782438_zpid/
17,https://www.zillow.com/homedetails/3266-Lucerne-St-Bronx-NY-10465/142694073_zpid/
17,https://www.zillow.com/homedetails/3157-Baisley-Ave-Bronx-NY-10465/29841495_zpid/
17,https://www.zillow.com/homedetails/2860-Bailey-Ave-Bronx-NY-10463/440015330_zpid/
17,https://www.zillow.com/homedetails/1814-Haight-Ave-Bronx-NY-10461/29815279_zpid/
17,https://www.zillow.com/homedetails/73-Caroll-St-Bronx-NY-10464/29850489_zpid/
17,https://www.zillow.com/homedetails/1425-Thieriot-Ave-APT-6C-Bronx-NY-10460/244424989_zpid/
17,https://www.zillow.com/homedetails/836-Tilden-St-APT-6D-Bronx-NY-10467/2062597541_zpid/
17,https://www.zillow.com/homedetails/6601-Broadway-APT-2E-Bronx-NY-10471/215956579_zpid/
17,https://www.zillow.com/homedetails/147-Edgewater-Park-D-Bronx-NY-10465/2070299744_zpid/
17,https://www.zillow.com/homedetails/4124-Digney-Ave-Bronx-NY-10466/29836824_zpid/
17,https://www.zillow.com/homedetails/190-E-Mosholu-Pkwy-S-APT-4A-Bronx-NY-10458/215951115_zpid/
17,https://www.zillow.com/homedetails/6141-Delafield-Ave-Bronx-NY-10471/29853986_zpid/
17,https://www.zillow.com/homedetails/5237-Netherland-Ave-Bronx-NY-10471/29854552_zpid/
17,https://www.zillow.com/homedetails/60-Knolls-Cres-APT-2C-Bronx-NY-10463/124438021_zpid/
17,https://www.zillow.com/homedetails/2218-Seymour-Ave-Bronx-NY-10469/29819817_zpid/
17,https://www.zillow.com/homedetails/3190-Ampere-Ave-Bronx-NY-10465/29843933_zpid/
17,https://www.zillow.com/homedetails/1010-Sherman-Ave-APT-3H-Bronx-NY-10456/244435301_zpid/
17,https://www.zillow.com/homedetails/3061-Scenic-Pl-Bronx-NY-10463/29851879_zpid/
17,https://www.zillow.com/homedetails/1523-Bayview-Ave-Bronx-NY-10465/215958819_zpid/
17,https://www.zillow.com/homedetails/2871-Wellman-Ave-Bronx-NY-10461/29842569_zpid/
17,https://www.zillow.com/homedetails/4662-Grosvenor-Ave-Bronx-NY-10471/29852764_zpid/
17,https://www.zillow.com/homedetails/1609-Colden-Ave-Bronx-NY-10462/29814252_zpid/
17,https://www.zillow.com/homedetails/2833-Ely-Ave-2-Bronx-NY-10469/112502955_zpid/
17,https://www.zillow.com/homedetails/350-W-246th-St-Bronx-NY-10471/29852626_zpid/
17,https://www.zillow.com/homedetails/625-Clarence-Ave-Bronx-NY-10465/29846444_zpid/
18,https://www.zillow.com/homedetails/2809-Wickham-Ave-Bronx-NY-10469/29831418_zpid/
18,https://www.zillow.com/homedetails/2555-Eastchester-Rd-1-Bronx-NY-10469/439486313_zpid/
18,https://www.zillow.com/homedetails/218-E-238th-St-Bronx-NY-10470/29789392_zpid/
18,https://www.zillow.com/homedetails/1829-Matthews-Ave-Bronx-NY-10462/29813484_zpid/
18,https://www.zillow.com/homedetails/2925-Matthews-Ave-APT-6C-Bronx-NY-10467/244462795_zpid/
18,https://www.zillow.com/homedetails/452-Revere-Ave-Bronx-NY-10465/29848555_zpid/
18,https://www.zillow.com/homedetails/601-Pelham-Pkwy-N-APT-305-Bronx-NY-10467/244461061_zpid/
18,https://www.zillow.com/homedetails/525-W-236th-St-APT-3C-Bronx-NY-10463/215955921_zpid/
18,https://www.zillow.com/homedetails/4351-Bruner-Ave-Bronx-NY-10466/29838490_zpid/
18,https://www.zillow.com/homedetails/61B-Edgewater-Park-Park-UNIT-1-Bronx-NY-10465/440114786_zpid/
18,https://www.zillow.com/homedetails/132-W-169th-St-APT-5A-Bronx-NY-10452/439536847_zpid/
18,https://www.zillow.com/homedetails/944-E-178th-St-B-Bronx-NY-10460/215949238_zpid/
18,https://www.zillow.com/homedetails/1737-Hering-Ave-Bronx-NY-10461/29814862_zpid/
18,https://www.zillow.com/homedetails/5715-Mosholu-Ave-APT-7B-Bronx-NY-10471/119912716_zpid/
18,https://www.zillow.com/homedetails/943-Teller-Ave-APT-3A-Bronx-NY-10451/2059546266_zpid/
18,https://www.zillow.com/homedetails/1806-Undercliff-Ave-Bronx-NY-10453/29782438_zpid/
18,https://www.zillow.com/homedetails/3266-Lucerne-St-Bronx-NY-10465/142694073_zpid/
18,https://www.zillow.com/homedetails/3157-Baisley-Ave-Bronx-NY-10465/29841495_zpid/
18,https://www.zillow.com/homedetails/2860-Bailey-Ave-Bronx-NY-10463/440015330_zpid/
18,https://www.zillow.com/homedetails/1814-Haight-Ave-Bronx-NY-10461/29815279_zpid/
18,https://www.zillow.com/homedetails/73-Caroll-St-Bronx-NY-10464/29850489_zpid/
18,https://www.zillow.com/homedetails/1425-Thieriot-Ave-APT-6C-Bronx-NY-10460/244424989_zpid/
18,https://www.zillow.com/homedetails/836-Tilden-St-APT-6D-Bronx-NY-10467/2062597541_zpid/
18,https://www.zillow.com/homedetails/6601-Broadway-APT-2E-Bronx-NY-10471/215956579_zpid/
18,https://www.zillow.com/homedetails/147-Edgewater-Park-D-Bronx-NY-10465/2070299744_zpid/
18,https://www.zillow.com/homedetails/4124-Digney-Ave-Bronx-NY-10466/29836824_zpid/
18,https://www.zillow.com/homedetails/190-E-Mosholu-Pkwy-S-APT-4A-Bronx-NY-10458/215951115_zpid/
18,https://www.zillow.com/homedetails/6141-Delafield-Ave-Bronx-NY-10471/29853986_zpid/
18,https://www.zillow.com/homedetails/5237-Netherland-Ave-Bronx-NY-10471/29854552_zpid/
18,https://www.zillow.com/homedetails/60-Knolls-Cres-APT-2C-Bronx-NY-10463/124438021_zpid/
18,https://www.zillow.com/homedetails/2218-Seymour-Ave-Bronx-NY-10469/29819817_zpid/
18,https://www.zillow.com/homedetails/3190-Ampere-Ave-Bronx-NY-10465/29843933_zpid/
18,https://www.zillow.com/homedetails/1010-Sherman-Ave-APT-3H-Bronx-NY-10456/244435301_zpid/
18,https://www.zillow.com/homedetails/3061-Scenic-Pl-Bronx-NY-10463/29851879_zpid/
18,https://www.zillow.com/homedetails/1523-Bayview-Ave-Bronx-NY-10465/215958819_zpid/
18,https://www.zillow.com/homedetails/2871-Wellman-Ave-Bronx-NY-10461/29842569_zpid/
18,https://www.zillow.com/homedetails/4662-Grosvenor-Ave-Bronx-NY-10471/29852764_zpid/
18,https://www.zillow.com/homedetails/1609-Colden-Ave-Bronx-NY-10462/29814252_zpid/
18,https://www.zillow.com/homedetails/2833-Ely-Ave-2-Bronx-NY-10469/112502955_zpid/
18,https://www.zillow.com/homedetails/350-W-246th-St-Bronx-NY-10471/29852626_zpid/
18,https://www.zillow.com/homedetails/625-Clarence-Ave-Bronx-NY-10465/29846444_zpid/
19,https://www.zillow.com/homedetails/2809-Wickham-Ave-Bronx-NY-10469/29831418_zpid/
19,https://www.zillow.com/homedetails/2555-Eastchester-Rd-1-Bronx-NY-10469/439486313_zpid/
19,https://www.zillow.com/homedetails/218-E-238th-St-Bronx-NY-10470/29789392_zpid/
19,https://www.zillow.com/homedetails/1829-Matthews-Ave-Bronx-NY-10462/29813484_zpid/
19,https://www.zillow.com/homedetails/2925-Matthews-Ave-APT-6C-Bronx-NY-10467/244462795_zpid/
19,https://www.zillow.com/homedetails/452-Revere-Ave-Bronx-NY-10465/29848555_zpid/
19,https://www.zillow.com/homedetails/601-Pelham-Pkwy-N-APT-305-Bronx-NY-10467/244461061_zpid/
19,https://www.zillow.com/homedetails/525-W-236th-St-APT-3C-Bronx-NY-10463/215955921_zpid/
19,https://www.zillow.com/homedetails/4351-Bruner-Ave-Bronx-NY-10466/29838490_zpid/
19,https://www.zillow.com/homedetails/61B-Edgewater-Park-Park-UNIT-1-Bronx-NY-10465/440114786_zpid/
19,https://www.zillow.com/homedetails/132-W-169th-St-APT-5A-Bronx-NY-10452/439536847_zpid/
19,https://www.zillow.com/homedetails/944-E-178th-St-B-Bronx-NY-10460/215949238_zpid/
19,https://www.zillow.com/homedetails/1737-Hering-Ave-Bronx-NY-10461/29814862_zpid/
19,https://www.zillow.com/homedetails/5715-Mosholu-Ave-APT-7B-Bronx-NY-10471/119912716_zpid/
19,https://www.zillow.com/homedetails/943-Teller-Ave-APT-3A-Bronx-NY-10451/2059546266_zpid/
19,https://www.zillow.com/homedetails/1806-Undercliff-Ave-Bronx-NY-10453/29782438_zpid/
19,https://www.zillow.com/homedetails/3266-Lucerne-St-Bronx-NY-10465/142694073_zpid/
19,https://www.zillow.com/homedetails/3157-Baisley-Ave-Bronx-NY-10465/29841495_zpid/
19,https://www.zillow.com/homedetails/2860-Bailey-Ave-Bronx-NY-10463/440015330_zpid/
19,https://www.zillow.com/homedetails/1814-Haight-Ave-Bronx-NY-10461/29815279_zpid/
19,https://www.zillow.com/homedetails/73-Caroll-St-Bronx-NY-10464/29850489_zpid/
19,https://www.zillow.com/homedetails/1425-Thieriot-Ave-APT-6C-Bronx-NY-10460/244424989_zpid/
19,https://www.zillow.com/homedetails/836-Tilden-St-APT-6D-Bronx-NY-10467/2062597541_zpid/
19,https://www.zillow.com/homedetails/6601-Broadway-APT-2E-Bronx-NY-10471/215956579_zpid/
19,https://www.zillow.com/homedetails/147-Edgewater-Park-D-Bronx-NY-10465/2070299744_zpid/
19,https://www.zillow.com/homedetails/4124-Digney-Ave-Bronx-NY-10466/29836824_zpid/
19,https://www.zillow.com/homedetails/190-E-Mosholu-Pkwy-S-APT-4A-Bronx-NY-10458/215951115_zpid/
19,https://www.zillow.com/homedetails/6141-Delafield-Ave-Bronx-NY-10471/29853986_zpid/
19,https://www.zillow.com/homedetails/5237-Netherland-Ave-Bronx-NY-10471/29854552_zpid/
19,https://www.zillow.com/homedetails/60-Knolls-Cres-APT-2C-Bronx-NY-10463/124438021_zpid/
19,https://www.zillow.com/homedetails/2218-Seymour-Ave-Bronx-NY-10469/29819817_zpid/
19,https://www.zillow.com/homedetails/3190-Ampere-Ave-Bronx-NY-10465/29843933_zpid/
19,https://www.zillow.com/homedetails/1010-Sherman-Ave-APT-3H-Bronx-NY-10456/244435301_zpid/
19,https://www.zillow.com/homedetails/3061-Scenic-Pl-Bronx-NY-10463/29851879_zpid/
19,https://www.zillow.com/homedetails/1523-Bayview-Ave-Bronx-NY-10465/215958819_zpid/
19,https://www.zillow.com/homedetails/2871-Wellman-Ave-Bronx-NY-10461/29842569_zpid/
19,https://www.zillow.com/homedetails/4662-Grosvenor-Ave-Bronx-NY-10471/29852764_zpid/
19,https://www.zillow.com/homedetails/1609-Colden-Ave-Bronx-NY-10462/29814252_zpid/
19,https://www.zillow.com/homedetails/2833-Ely-Ave-2-Bronx-NY-10469/112502955_zpid/
19,https://www.zillow.com/homedetails/350-W-246th-St-Bronx-NY-10471/29852626_zpid/
19,https://www.zillow.com/homedetails/625-Clarence-Ave-Bronx-NY-10465/29846444_zpid/
20,https://www.zillow.com/homedetails/2809-Wickham-Ave-Bronx-NY-10469/29831418_zpid/
20,https://www.zillow.com/homedetails/2555-Eastchester-Rd-1-Bronx-NY-10469/439486313_zpid/
20,https://www.zillow.com/homedetails/218-E-238th-St-Bronx-NY-10470/29789392_zpid/
20,https://www.zillow.com/homedetails/1829-Matthews-Ave-Bronx-NY-10462/29813484_zpid/
20,https://www.zillow.com/homedetails/2925-Matthews-Ave-APT-6C-Bronx-NY-10467/244462795_zpid/
20,https://www.zillow.com/homedetails/452-Revere-Ave-Bronx-NY-10465/29848555_zpid/
20,https://www.zillow.com/homedetails/601-Pelham-Pkwy-N-APT-305-Bronx-NY-10467/244461061_zpid/
20,https://www.zillow.com/homedetails/525-W-236th-St-APT-3C-Bronx-NY-10463/215955921_zpid/
20,https://www.zillow.com/homedetails/4351-Bruner-Ave-Bronx-NY-10466/29838490_zpid/
20,https://www.zillow.com/homedetails/61B-Edgewater-Park-Park-UNIT-1-Bronx-NY-10465/440114786_zpid/
20,https://www.zillow.com/homedetails/132-W-169th-St-APT-5A-Bronx-NY-10452/439536847_zpid/
20,https://www.zillow.com/homedetails/944-E-178th-St-B-Bronx-NY-10460/215949238_zpid/
20,https://www.zillow.com/homedetails/1737-Hering-Ave-Bronx-NY-10461/29814862_zpid/
20,https://www.zillow.com/homedetails/5715-Mosholu-Ave-APT-7B-Bronx-NY-10471/119912716_zpid/
20,https://www.zillow.com/homedetails/943-Teller-Ave-APT-3A-Bronx-NY-10451/2059546266_zpid/
20,https://www.zillow.com/homedetails/1806-Undercliff-Ave-Bronx-NY-10453/29782438_zpid/
20,https://www.zillow.com/homedetails/3266-Lucerne-St-Bronx-NY-10465/142694073_zpid/
20,https://www.zillow.com/homedetails/3157-Baisley-Ave-Bronx-NY-10465/29841495_zpid/
20,https://www.zillow.com/homedetails/2860-Bailey-Ave-Bronx-NY-10463/440015330_zpid/
20,https://www.zillow.com/homedetails/1814-Haight-Ave-Bronx-NY-10461/29815279_zpid/
20,https://www.zillow.com/homedetails/73-Caroll-St-Bronx-NY-10464/29850489_zpid/
20,https://www.zillow.com/homedetails/1425-Thieriot-Ave-APT-6C-Bronx-NY-10460/244424989_zpid/
20,https://www.zillow.com/homedetails/836-Tilden-St-APT-6D-Bronx-NY-10467/2062597541_zpid/
20,https://www.zillow.com/homedetails/6601-Broadway-APT-2E-Bronx-NY-10471/215956579_zpid/
20,https://www.zillow.com/homedetails/147-Edgewater-Park-D-Bronx-NY-10465/2070299744_zpid/
20,https://www.zillow.com/homedetails/4124-Digney-Ave-Bronx-NY-10466/29836824_zpid/
20,https://www.zillow.com/homedetails/190-E-Mosholu-Pkwy-S-APT-4A-Bronx-NY-10458/215951115_zpid/
20,https://www.zillow.com/homedetails/6141-Delafield-Ave-Bronx-NY-10471/29853986_zpid/
20,https://www.zillow.com/homedetails/5237-Netherland-Ave-Bronx-NY-10471/29854552_zpid/
20,https://www.zillow.com/homedetails/60-Knolls-Cres-APT-2C-Bronx-NY-10463/124438021_zpid/
20,https://www.zillow.com/homedetails/2218-Seymour-Ave-Bronx-NY-10469/29819817_zpid/
20,https://www.zillow.com/homedetails/3190-Ampere-Ave-Bronx-NY-10465/29843933_zpid/
20,https://www.zillow.com/homedetails/1010-Sherman-Ave-APT-3H-Bronx-NY-10456/244435301_zpid/
20,https://www.zillow.com/homedetails/3061-Scenic-Pl-Bronx-NY-10463/29851879_zpid/
20,https://www.zillow.com/homedetails/1523-Bayview-Ave-Bronx-NY-10465/215958819_zpid/
20,https://www.zillow.com/homedetails/2871-Wellman-Ave-Bronx-NY-10461/29842569_zpid/
20,https://www.zillow.com/homedetails/4662-Grosvenor-Ave-Bronx-NY-10471/29852764_zpid/
20,https://www.zillow.com/homedetails/1609-Colden-Ave-Bronx-NY-10462/29814252_zpid/
20,https://www.zillow.com/homedetails/2833-Ely-Ave-2-Bronx-NY-10469/112502955_zpid/
20,https://www.zillow.com/homedetails/350-W-246th-St-Bronx-NY-10471/29852626_zpid/
20,https://www.zillow.com/homedetails/625-Clarence-Ave-Bronx-NY-10465/29846444_zpid/
